"법령명","법령ID","MST","법종구분","소관부처","조","항","조문제목","내용","조문시행일","시행일","조회일","출처표기","원문URL"
"국토의 계획 및 이용에 관한 법률","009294","284013","법률","국토교통부","제36조","제1항","용도지역의 지정","① 국토교통부장관, 시ㆍ도지사 또는 대도시 시장은 다음 각 호의 어느 하나에 해당하는 용도지역의 지정 또는 변경을 도시ㆍ군관리계획으로 결정한다. <개정 2011.4.14, 2013.3.23> 1. 도시지역: 다음 각 목의 어느 하나로 구분하여 지정한다. 가. 주거지역: 거주의 안녕과 건전한 생활환경의 보호를 위하여 필요한 지역 나. 상업지역: 상업이나 그 밖의 업무의 편익을 증진하기 위하여 필요한 지역 다. 공업지역: 공업의 편익을 증진하기 위하여 필요한 지역 라. 녹지지역: 자연환경ㆍ농지 및 산림의 보호, 보건위생, 보안과 도시의 무질서한 확산을 방지하기 위하여 녹지의 보전이 필요한 지역 2. 관리지역: 다음 각 목의 어느 하나로 구분하여 지정한다. 가. 보전관리지역: 자연환경 보호, 산림 보호, 수질오염 방지, 녹지공간 확보 및 생태계 보전 등을 위하여 보전이 필요하나, 주변 용도지역과의 관계 등을 고려할 때 자연환경보전지역으로 지정하여 관리하기가 곤란한 지역 나. 생산관리지역: 농업ㆍ임업ㆍ어업 생산 등을 위하여 관리가 필요하나, 주변 용도지역과의 관계 등을 고려할 때 농림지역으로 지정하여 관리하기가 곤란한 지역 다. 계획관리지역: 도시지역으로의 편입이 예상되는 지역이나 자연환경을 고려하여 제한적인 이용ㆍ개발을 하려는 지역으로서 계획적ㆍ체계적인 관리가 필요한 지역 3. 농림지역 4. 자연환경보전지역","20260701","20260701","2026-09-21","「국토의 계획 및 이용에 관한 법률」 제36조제1항 (법률 제21447호, 2026. 7. 1. 시행), 국가법령정보센터, 2026-09-21 조회","https://www.law.go.kr/법령/%EA%B5%AD%ED%86%A0%EC%9D%98%20%EA%B3%84%ED%9A%8D%20%EB%B0%8F%20%EC%9D%B4%EC%9A%A9%EC%97%90%20%EA%B4%80%ED%95%9C%20%EB%B2%95%EB%A5%A0"
"국토의 계획 및 이용에 관한 법률","009294","284013","법률","국토교통부","제36조","제2항","용도지역의 지정","② 국토교통부장관, 시ㆍ도지사 또는 대도시 시장은 대통령령으로 정하는 바에 따라 제1항 각 호 및 같은 항 각 호 각 목의 용도지역을 도시ㆍ군관리계획결정으로 다시 세분하여 지정하거나 변경할 수 있다. <개정 2011.4.14, 2013.3.23>","20260701","20260701","2026-09-21","「국토의 계획 및 이용에 관한 법률」 제36조제2항 (법률 제21447호, 2026. 7. 1. 시행), 국가법령정보센터, 2026-09-21 조회","https://www.law.go.kr/법령/%EA%B5%AD%ED%86%A0%EC%9D%98%20%EA%B3%84%ED%9A%8D%20%EB%B0%8F%20%EC%9D%B4%EC%9A%A9%EC%97%90%20%EA%B4%80%ED%95%9C%20%EB%B2%95%EB%A5%A0"
"국토의 계획 및 이용에 관한 법률","009294","284013","법률","국토교통부","제37조","제1항","용도지구의 지정","① 국토교통부장관, 시ㆍ도지사 또는 대도시 시장은 다음 각 호의 어느 하나에 해당하는 용도지구의 지정 또는 변경을 도시ㆍ군관리계획으로 결정한다. <개정 2011.4.14, 2013.3.23, 2017.4.18, 2023.5.16> 1. 경관지구: 경관의 보전ㆍ관리 및 형성을 위하여 필요한 지구 2. 고도지구: 쾌적한 환경 조성 및 토지의 효율적 이용을 위하여 건축물 높이의 최고한도를 규제할 필요가 있는 지구 3. 방화지구: 화재의 위험을 예방하기 위하여 필요한 지구 4. 방재지구: 풍수해, 산사태, 지반의 붕괴, 그 밖의 재해를 예방하기 위하여 필요한 지구 5. 보호지구: 「국가유산기본법」 제3조에 따른 국가유산, 중요 시설물(항만, 공항 등 대통령령으로 정하는 시설물을 말한다) 및 문화적ㆍ생태적으로 보존가치가 큰 지역의 보호와 보존을 위하여 필요한 지구 6. 취락지구: 녹지지역ㆍ관리지역ㆍ농림지역ㆍ자연환경보전지역ㆍ개발제한구역 또는 도시자연공원구역의 취락을 정비하기 위한 지구 7. 개발진흥지구: 주거기능ㆍ상업기능ㆍ공업기능ㆍ유통물류기능ㆍ관광기능ㆍ휴양기능 등을 집중적으로 개발ㆍ정비할 필요가 있는 지구 8. 특정용도제한지구: 주거 및 교육 환경 보호나 청소년 보호 등의 목적으로 오염물질 배출시설, 청소년 유해시설 등 특정시설의 입지를 제한할 필요가 있는 지구 9. 복합용도지구: 지역의 토지이용 상황, 개발 수요 및 주변 여건 등을 고려하여 효율적이고 복합적인 토지이용을 도모하기 위하여 특정시설의 입지를 완화할 필요가 있는 지구 10. 그 밖에 대통령령으로 정하는 지구","20260701","20260701","2026-09-21","「국토의 계획 및 이용에 관한 법률」 제37조제1항 (법률 제21447호, 2026. 7. 1. 시행), 국가법령정보센터, 2026-09-21 조회","https://www.law.go.kr/법령/%EA%B5%AD%ED%86%A0%EC%9D%98%20%EA%B3%84%ED%9A%8D%20%EB%B0%8F%20%EC%9D%B4%EC%9A%A9%EC%97%90%20%EA%B4%80%ED%95%9C%20%EB%B2%95%EB%A5%A0"
"국토의 계획 및 이용에 관한 법률","009294","284013","법률","국토교통부","제37조","제2항","용도지구의 지정","② 국토교통부장관, 시ㆍ도지사 또는 대도시 시장은 필요하다고 인정되면 대통령령으로 정하는 바에 따라 제1항 각 호의 용도지구를 도시ㆍ군관리계획결정으로 다시 세분하여 지정하거나 변경할 수 있다. <개정 2011.4.14, 2013.3.23>","20260701","20260701","2026-09-21","「국토의 계획 및 이용에 관한 법률」 제37조제2항 (법률 제21447호, 2026. 7. 1. 시행), 국가법령정보센터, 2026-09-21 조회","https://www.law.go.kr/법령/%EA%B5%AD%ED%86%A0%EC%9D%98%20%EA%B3%84%ED%9A%8D%20%EB%B0%8F%20%EC%9D%B4%EC%9A%A9%EC%97%90%20%EA%B4%80%ED%95%9C%20%EB%B2%95%EB%A5%A0"
"국토의 계획 및 이용에 관한 법률","009294","284013","법률","국토교통부","제37조","제3항","용도지구의 지정","③ 시ㆍ도지사 또는 대도시 시장은 지역여건상 필요하면 대통령령으로 정하는 기준에 따라 그 시ㆍ도 또는 대도시의 조례로 용도지구의 명칭 및 지정목적, 건축이나 그 밖의 행위의 금지 및 제한에 관한 사항 등을 정하여 제1항 각 호의 용도지구 외의 용도지구의 지정 또는 변경을 도시ㆍ군관리계획으로 결정할 수 있다. <개정 2011.4.14>","20260701","20260701","2026-09-21","「국토의 계획 및 이용에 관한 법률」 제37조제3항 (법률 제21447호, 2026. 7. 1. 시행), 국가법령정보센터, 2026-09-21 조회","https://www.law.go.kr/법령/%EA%B5%AD%ED%86%A0%EC%9D%98%20%EA%B3%84%ED%9A%8D%20%EB%B0%8F%20%EC%9D%B4%EC%9A%A9%EC%97%90%20%EA%B4%80%ED%95%9C%20%EB%B2%95%EB%A5%A0"
"국토의 계획 및 이용에 관한 법률","009294","284013","법률","국토교통부","제37조","제4항","용도지구의 지정","④ 시ㆍ도지사 또는 대도시 시장은 연안침식이 진행 중이거나 우려되는 지역 등 대통령령으로 정하는 지역에 대해서는 제1항제5호의 방재지구의 지정 또는 변경을 도시ㆍ군관리계획으로 결정하여야 한다. 이 경우 도시ㆍ군관리계획의 내용에는 해당 방재지구의 재해저감대책을 포함하여야 한다. <신설 2013.7.16>","20260701","20260701","2026-09-21","「국토의 계획 및 이용에 관한 법률」 제37조제4항 (법률 제21447호, 2026. 7. 1. 시행), 국가법령정보센터, 2026-09-21 조회","https://www.law.go.kr/법령/%EA%B5%AD%ED%86%A0%EC%9D%98%20%EA%B3%84%ED%9A%8D%20%EB%B0%8F%20%EC%9D%B4%EC%9A%A9%EC%97%90%20%EA%B4%80%ED%95%9C%20%EB%B2%95%EB%A5%A0"
"국토의 계획 및 이용에 관한 법률","009294","284013","법률","국토교통부","제37조","제5항","용도지구의 지정","⑤ 시ㆍ도지사 또는 대도시 시장은 대통령령으로 정하는 주거지역ㆍ공업지역ㆍ관리지역에 복합용도지구를 지정할 수 있으며, 그 지정기준 및 방법 등에 필요한 사항은 대통령령으로 정한다. <신설 2017.4.18>","20260701","20260701","2026-09-21","「국토의 계획 및 이용에 관한 법률」 제37조제5항 (법률 제21447호, 2026. 7. 1. 시행), 국가법령정보센터, 2026-09-21 조회","https://www.law.go.kr/법령/%EA%B5%AD%ED%86%A0%EC%9D%98%20%EA%B3%84%ED%9A%8D%20%EB%B0%8F%20%EC%9D%B4%EC%9A%A9%EC%97%90%20%EA%B4%80%ED%95%9C%20%EB%B2%95%EB%A5%A0"
"국토의 계획 및 이용에 관한 법률","009294","284013","법률","국토교통부","제40조의3","제1항","도시혁신구역의 지정 등","① 제35조의6제1항에 따른 공간재구조화계획 결정권자(이하 이 조 및 제40조의4에서 ""공간재구조화계획 결정권자""라 한다)는 다음 각 호의 어느 하나에 해당하는 지역을 도시혁신구역으로 지정할 수 있다. 1. 도시ㆍ군기본계획에 따른 도심ㆍ부도심 또는 생활권의 중심지역 2. 주요 기반시설과 연계하여 지역의 거점 역할을 수행할 수 있는 지역 3. 그 밖에 도시공간의 창의적이고 혁신적인 개발이 필요하다고 인정되는 경우로서 대통령령으로 정하는 지역","20260701","20260701","2026-09-21","「국토의 계획 및 이용에 관한 법률」 제40조의3제1항 (법률 제21447호, 2026. 7. 1. 시행), 국가법령정보센터, 2026-09-21 조회","https://www.law.go.kr/법령/%EA%B5%AD%ED%86%A0%EC%9D%98%20%EA%B3%84%ED%9A%8D%20%EB%B0%8F%20%EC%9D%B4%EC%9A%A9%EC%97%90%20%EA%B4%80%ED%95%9C%20%EB%B2%95%EB%A5%A0"
"국토의 계획 및 이용에 관한 법률","009294","284013","법률","국토교통부","제40조의3","제2항","도시혁신구역의 지정 등","② 도시혁신계획에는 도시혁신구역의 지정 목적을 이루기 위하여 다음 각 호에 관한 사항이 포함되어야 한다. 1. 용도지역ㆍ용도지구, 도시ㆍ군계획시설 및 지구단위계획의 결정에 관한 사항 2. 주요 기반시설의 확보에 관한 사항 3. 건축물의 건폐율ㆍ용적률ㆍ높이에 관한 사항 4. 건축물의 용도ㆍ종류 및 규모 등에 관한 사항 5. 제83조의3에 따른 다른 법률 규정 적용의 완화 또는 배제에 관한 사항 6. 도시혁신구역 내 개발사업 및 개발사업의 시행자 등에 관한 사항 7. 그 밖에 도시혁신구역의 체계적 개발과 관리에 필요한 사항","20260701","20260701","2026-09-21","「국토의 계획 및 이용에 관한 법률」 제40조의3제2항 (법률 제21447호, 2026. 7. 1. 시행), 국가법령정보센터, 2026-09-21 조회","https://www.law.go.kr/법령/%EA%B5%AD%ED%86%A0%EC%9D%98%20%EA%B3%84%ED%9A%8D%20%EB%B0%8F%20%EC%9D%B4%EC%9A%A9%EC%97%90%20%EA%B4%80%ED%95%9C%20%EB%B2%95%EB%A5%A0"
"국토의 계획 및 이용에 관한 법률","009294","284013","법률","국토교통부","제40조의3","제3항","도시혁신구역의 지정 등","③ 제1항에 따른 도시혁신구역의 지정 및 변경과 제2항에 따른 도시혁신계획은 다음 각 호의 사항을 종합적으로 고려하여 공간재구조화계획으로 결정한다. 1. 도시혁신구역의 지정 목적 2. 해당 지역의 용도지역ㆍ기반시설 등 토지이용 현황 3. 도시ㆍ군기본계획 등 상위계획과의 부합성 4. 주변 지역의 기반시설, 경관, 환경 등에 미치는 영향 및 도시환경 개선ㆍ정비 효과 5. 도시의 개발 수요 및 지역에 미치는 사회적ㆍ경제적 파급효과","20260701","20260701","2026-09-21","「국토의 계획 및 이용에 관한 법률」 제40조의3제3항 (법률 제21447호, 2026. 7. 1. 시행), 국가법령정보센터, 2026-09-21 조회","https://www.law.go.kr/법령/%EA%B5%AD%ED%86%A0%EC%9D%98%20%EA%B3%84%ED%9A%8D%20%EB%B0%8F%20%EC%9D%B4%EC%9A%A9%EC%97%90%20%EA%B4%80%ED%95%9C%20%EB%B2%95%EB%A5%A0"
"국토의 계획 및 이용에 관한 법률","009294","284013","법률","국토교통부","제40조의3","제4항","도시혁신구역의 지정 등","④ 다른 법률에서 제35조의6에 따른 공간재구조화계획의 결정을 의제하고 있는 경우에도 이 법에 따르지 아니하고 도시혁신구역의 지정과 도시혁신계획을 결정할 수 없다.","20260701","20260701","2026-09-21","「국토의 계획 및 이용에 관한 법률」 제40조의3제4항 (법률 제21447호, 2026. 7. 1. 시행), 국가법령정보센터, 2026-09-21 조회","https://www.law.go.kr/법령/%EA%B5%AD%ED%86%A0%EC%9D%98%20%EA%B3%84%ED%9A%8D%20%EB%B0%8F%20%EC%9D%B4%EC%9A%A9%EC%97%90%20%EA%B4%80%ED%95%9C%20%EB%B2%95%EB%A5%A0"
"국토의 계획 및 이용에 관한 법률","009294","284013","법률","국토교통부","제40조의3","제5항","도시혁신구역의 지정 등","⑤ 공간재구조화계획 결정권자가 제3항에 따른 공간재구조화계획을 결정하기 위하여 제35조의6제2항에 따라 관계 행정기관의 장과 협의하는 경우 협의 요청을 받은 기관의 장은 그 요청을 받은 날부터 10일(근무일 기준) 이내에 의견을 회신하여야 한다.","20260701","20260701","2026-09-21","「국토의 계획 및 이용에 관한 법률」 제40조의3제5항 (법률 제21447호, 2026. 7. 1. 시행), 국가법령정보센터, 2026-09-21 조회","https://www.law.go.kr/법령/%EA%B5%AD%ED%86%A0%EC%9D%98%20%EA%B3%84%ED%9A%8D%20%EB%B0%8F%20%EC%9D%B4%EC%9A%A9%EC%97%90%20%EA%B4%80%ED%95%9C%20%EB%B2%95%EB%A5%A0"
"국토의 계획 및 이용에 관한 법률","009294","284013","법률","국토교통부","제40조의3","제6항","도시혁신구역의 지정 등","⑥ 도시혁신구역 및 도시혁신계획에 관한 도시ㆍ군관리계획 결정의 실효, 도시혁신구역에서의 건축 등에 관하여 다른 특별한 규정이 없으면 제53조 및 제54조를 준용한다. 이 경우 ""지구단위계획구역""은 ""도시혁신구역""으로, ""지구단위계획""은 ""도시혁신계획""으로 본다.","20260701","20260701","2026-09-21","「국토의 계획 및 이용에 관한 법률」 제40조의3제6항 (법률 제21447호, 2026. 7. 1. 시행), 국가법령정보센터, 2026-09-21 조회","https://www.law.go.kr/법령/%EA%B5%AD%ED%86%A0%EC%9D%98%20%EA%B3%84%ED%9A%8D%20%EB%B0%8F%20%EC%9D%B4%EC%9A%A9%EC%97%90%20%EA%B4%80%ED%95%9C%20%EB%B2%95%EB%A5%A0"
"국토의 계획 및 이용에 관한 법률","009294","284013","법률","국토교통부","제40조의3","제7항","도시혁신구역의 지정 등","⑦ 도시혁신구역의 지정 및 변경과 도시혁신계획의 수립 및 변경에 관한 세부적인 사항은 국토교통부장관이 정하여 고시한다.","20260701","20260701","2026-09-21","「국토의 계획 및 이용에 관한 법률」 제40조의3제7항 (법률 제21447호, 2026. 7. 1. 시행), 국가법령정보센터, 2026-09-21 조회","https://www.law.go.kr/법령/%EA%B5%AD%ED%86%A0%EC%9D%98%20%EA%B3%84%ED%9A%8D%20%EB%B0%8F%20%EC%9D%B4%EC%9A%A9%EC%97%90%20%EA%B4%80%ED%95%9C%20%EB%B2%95%EB%A5%A0"
"국토의 계획 및 이용에 관한 법률","009294","284013","법률","국토교통부","제40조의4","제1항","복합용도구역의 지정 등","① 공간재구조화계획 결정권자는 다음 각 호의 어느 하나에 해당하는 지역을 복합용도구역으로 지정할 수 있다. 1. 산업구조 또는 경제활동의 변화로 복합적 토지이용이 필요한 지역 2. 노후 건축물 등이 밀집하여 단계적 정비가 필요한 지역 3. 그 밖에 복합된 공간이용을 촉진하고 다양한 도시공간을 조성하기 위하여 계획적 관리가 필요하다고 인정되는 경우로서 대통령령으로 정하는 지역","20260701","20260701","2026-09-21","「국토의 계획 및 이용에 관한 법률」 제40조의4제1항 (법률 제21447호, 2026. 7. 1. 시행), 국가법령정보센터, 2026-09-21 조회","https://www.law.go.kr/법령/%EA%B5%AD%ED%86%A0%EC%9D%98%20%EA%B3%84%ED%9A%8D%20%EB%B0%8F%20%EC%9D%B4%EC%9A%A9%EC%97%90%20%EA%B4%80%ED%95%9C%20%EB%B2%95%EB%A5%A0"
"국토의 계획 및 이용에 관한 법률","009294","284013","법률","국토교통부","제40조의4","제2항","복합용도구역의 지정 등","② 복합용도계획에는 복합용도구역의 지정 목적을 이루기 위하여 다음 각 호에 관한 사항이 포함되어야 한다. 1. 용도지역ㆍ용도지구, 도시ㆍ군계획시설 및 지구단위계획의 결정에 관한 사항 2. 주요 기반시설의 확보에 관한 사항 3. 건축물의 용도별 복합적인 배치비율 및 규모 등에 관한 사항 4. 건축물의 건폐율ㆍ용적률ㆍ높이에 관한 사항 5. 제83조의4에 따른 특별건축구역계획에 관한 사항 6. 그 밖에 복합용도구역의 체계적 개발과 관리에 필요한 사항","20260701","20260701","2026-09-21","「국토의 계획 및 이용에 관한 법률」 제40조의4제2항 (법률 제21447호, 2026. 7. 1. 시행), 국가법령정보센터, 2026-09-21 조회","https://www.law.go.kr/법령/%EA%B5%AD%ED%86%A0%EC%9D%98%20%EA%B3%84%ED%9A%8D%20%EB%B0%8F%20%EC%9D%B4%EC%9A%A9%EC%97%90%20%EA%B4%80%ED%95%9C%20%EB%B2%95%EB%A5%A0"
"국토의 계획 및 이용에 관한 법률","009294","284013","법률","국토교통부","제40조의4","제3항","복합용도구역의 지정 등","③ 제1항에 따른 복합용도구역의 지정 및 변경과 제2항에 따른 복합용도계획은 다음 각 호의 사항을 종합적으로 고려하여 공간재구조화계획으로 결정한다. 1. 복합용도구역의 지정 목적 2. 해당 지역의 용도지역ㆍ기반시설 등 토지이용 현황 3. 도시ㆍ군기본계획 등 상위계획과의 부합성 4. 주변 지역의 기반시설, 경관, 환경 등에 미치는 영향 및 도시환경 개선ㆍ정비 효과","20260701","20260701","2026-09-21","「국토의 계획 및 이용에 관한 법률」 제40조의4제3항 (법률 제21447호, 2026. 7. 1. 시행), 국가법령정보센터, 2026-09-21 조회","https://www.law.go.kr/법령/%EA%B5%AD%ED%86%A0%EC%9D%98%20%EA%B3%84%ED%9A%8D%20%EB%B0%8F%20%EC%9D%B4%EC%9A%A9%EC%97%90%20%EA%B4%80%ED%95%9C%20%EB%B2%95%EB%A5%A0"
"국토의 계획 및 이용에 관한 법률","009294","284013","법률","국토교통부","제40조의4","제4항","복합용도구역의 지정 등","④ 복합용도구역 및 복합용도계획에 관한 도시ㆍ군관리계획 결정의 실효, 복합용도구역에서의 건축 등에 관하여 다른 특별한 규정이 없으면 제53조 및 제54조를 준용한다. 이 경우 ""지구단위계획구역""은 ""복합용도구역""으로, ""지구단위계획""은 ""복합용도계획""으로 본다.","20260701","20260701","2026-09-21","「국토의 계획 및 이용에 관한 법률」 제40조의4제4항 (법률 제21447호, 2026. 7. 1. 시행), 국가법령정보센터, 2026-09-21 조회","https://www.law.go.kr/법령/%EA%B5%AD%ED%86%A0%EC%9D%98%20%EA%B3%84%ED%9A%8D%20%EB%B0%8F%20%EC%9D%B4%EC%9A%A9%EC%97%90%20%EA%B4%80%ED%95%9C%20%EB%B2%95%EB%A5%A0"
"국토의 계획 및 이용에 관한 법률","009294","284013","법률","국토교통부","제40조의4","제5항","복합용도구역의 지정 등","⑤ 복합용도구역의 지정 및 변경과 복합용도계획의 수립 및 변경에 관한 세부적인 사항은 국토교통부장관이 정하여 고시한다.","20260701","20260701","2026-09-21","「국토의 계획 및 이용에 관한 법률」 제40조의4제5항 (법률 제21447호, 2026. 7. 1. 시행), 국가법령정보센터, 2026-09-21 조회","https://www.law.go.kr/법령/%EA%B5%AD%ED%86%A0%EC%9D%98%20%EA%B3%84%ED%9A%8D%20%EB%B0%8F%20%EC%9D%B4%EC%9A%A9%EC%97%90%20%EA%B4%80%ED%95%9C%20%EB%B2%95%EB%A5%A0"
"국토의 계획 및 이용에 관한 법률","009294","284013","법률","국토교통부","제76조","제1항","용도지역 및 용도지구에서의 건축물의 건축 제한 등","① 제36조에 따라 지정된 용도지역에서의 건축물이나 그 밖의 시설의 용도ㆍ종류 및 규모 등의 제한에 관한 사항은 대통령령으로 정한다.","20260701","20260701","2026-09-21","「국토의 계획 및 이용에 관한 법률」 제76조제1항 (법률 제21447호, 2026. 7. 1. 시행), 국가법령정보센터, 2026-09-21 조회","https://www.law.go.kr/법령/%EA%B5%AD%ED%86%A0%EC%9D%98%20%EA%B3%84%ED%9A%8D%20%EB%B0%8F%20%EC%9D%B4%EC%9A%A9%EC%97%90%20%EA%B4%80%ED%95%9C%20%EB%B2%95%EB%A5%A0"
"국토의 계획 및 이용에 관한 법률","009294","284013","법률","국토교통부","제76조","제2항","용도지역 및 용도지구에서의 건축물의 건축 제한 등","② 제37조에 따라 지정된 용도지구에서의 건축물이나 그 밖의 시설의 용도ㆍ종류 및 규모 등의 제한에 관한 사항은 이 법 또는 다른 법률에 특별한 규정이 있는 경우 외에는 대통령령으로 정하는 기준에 따라 특별시ㆍ광역시ㆍ특별자치시ㆍ특별자치도ㆍ시 또는 군의 조례로 정할 수 있다. <개정 2011.4.14>","20260701","20260701","2026-09-21","「국토의 계획 및 이용에 관한 법률」 제76조제2항 (법률 제21447호, 2026. 7. 1. 시행), 국가법령정보센터, 2026-09-21 조회","https://www.law.go.kr/법령/%EA%B5%AD%ED%86%A0%EC%9D%98%20%EA%B3%84%ED%9A%8D%20%EB%B0%8F%20%EC%9D%B4%EC%9A%A9%EC%97%90%20%EA%B4%80%ED%95%9C%20%EB%B2%95%EB%A5%A0"
"국토의 계획 및 이용에 관한 법률","009294","284013","법률","국토교통부","제76조","제3항","용도지역 및 용도지구에서의 건축물의 건축 제한 등","③ 제1항과 제2항에 따른 건축물이나 그 밖의 시설의 용도ㆍ종류 및 규모 등의 제한은 해당 용도지역과 용도지구의 지정목적에 적합하여야 한다.","20260701","20260701","2026-09-21","「국토의 계획 및 이용에 관한 법률」 제76조제3항 (법률 제21447호, 2026. 7. 1. 시행), 국가법령정보센터, 2026-09-21 조회","https://www.law.go.kr/법령/%EA%B5%AD%ED%86%A0%EC%9D%98%20%EA%B3%84%ED%9A%8D%20%EB%B0%8F%20%EC%9D%B4%EC%9A%A9%EC%97%90%20%EA%B4%80%ED%95%9C%20%EB%B2%95%EB%A5%A0"
"국토의 계획 및 이용에 관한 법률","009294","284013","법률","국토교통부","제76조","제4항","용도지역 및 용도지구에서의 건축물의 건축 제한 등","④ 건축물이나 그 밖의 시설의 용도ㆍ종류 및 규모 등을 변경하는 경우 변경 후의 건축물이나 그 밖의 시설의 용도ㆍ종류 및 규모 등은 제1항과 제2항에 맞아야 한다.","20260701","20260701","2026-09-21","「국토의 계획 및 이용에 관한 법률」 제76조제4항 (법률 제21447호, 2026. 7. 1. 시행), 국가법령정보센터, 2026-09-21 조회","https://www.law.go.kr/법령/%EA%B5%AD%ED%86%A0%EC%9D%98%20%EA%B3%84%ED%9A%8D%20%EB%B0%8F%20%EC%9D%B4%EC%9A%A9%EC%97%90%20%EA%B4%80%ED%95%9C%20%EB%B2%95%EB%A5%A0"
"국토의 계획 및 이용에 관한 법률","009294","284013","법률","국토교통부","제76조","제5항","용도지역 및 용도지구에서의 건축물의 건축 제한 등","⑤ 다음 각 호의 어느 하나에 해당하는 경우의 건축물이나 그 밖의 시설의 용도ㆍ종류 및 규모 등의 제한에 관하여는 제1항부터 제4항까지의 규정에도 불구하고 각 호에서 정하는 바에 따른다. <개정 2009.4.22, 2011.8.4, 2015.8.11, 2017.4.18, 2023.3.21, 2023.8.8, 2024.2.6> 1. 제37조제1항제6호에 따른 취락지구에서는 취락지구의 지정목적 범위에서 대통령령으로 따로 정한다. 1의2. 제37조제1항제7호에 따른 개발진흥지구에서는 개발진흥지구의 지정목적 범위에서 대통령령으로 따로 정한다. 1의3. 제37조제1항제9호에 따른 복합용도지구에서는 복합용도지구의 지정목적 범위에서 대통령령으로 따로 정한다. 2. 「산업입지 및 개발에 관한 법률」 제2조제8호라목에 따른 농공단지에서는 같은 법에서 정하는 바에 따른다. 3. 농림지역 중 농업진흥지역, 보전산지 또는 초지인 경우에는 각각 「농지법」, 「산지관리법」 또는 「초지법」에서 정하는 바에 따른다. 4. 자연환경보전지역 중 「자연공원법」에 따른 공원구역, 「수도법」에 따른 상수원보호구역, 「문화유산의 보존 및 활용에 관한 법률」에 따라 지정된 지정문화유산과 그 보호구역, 「자연유산의 보존 및 활용에 관한 법률」에 따라 지정된 천연기념물등과 그 보호구역, 「해양생태계의 보전 및 관리에 관한 법률」에 따른 해양보호구역인 경우에는 각각 「자연공원법」, 「수도법」, 「문화유산의 보존 및 활용에 관한 법률」, 「자연유산의 보존 및 활용에 관한 법률」 또는 「해양생태계의 보전 및 관리에 관한 법률」에서 정하는 바에 따른다. 5. 자연환경보전지역 중 수산자원보호구역인 경우에는 「수산자원관리법」에서 정하는 바에 따른다.","20260701","20260701","2026-09-21","「국토의 계획 및 이용에 관한 법률」 제76조제5항 (법률 제21447호, 2026. 7. 1. 시행), 국가법령정보센터, 2026-09-21 조회","https://www.law.go.kr/법령/%EA%B5%AD%ED%86%A0%EC%9D%98%20%EA%B3%84%ED%9A%8D%20%EB%B0%8F%20%EC%9D%B4%EC%9A%A9%EC%97%90%20%EA%B4%80%ED%95%9C%20%EB%B2%95%EB%A5%A0"
"국토의 계획 및 이용에 관한 법률","009294","284013","법률","국토교통부","제76조","제6항","용도지역 및 용도지구에서의 건축물의 건축 제한 등","⑥ 보전관리지역이나 생산관리지역에 대하여 농림축산식품부장관ㆍ해양수산부장관ㆍ기후에너지환경부장관 또는 산림청장이 농지 보전, 자연환경 보전, 해양환경 보전 또는 산림 보전에 필요하다고 인정하는 경우에는 「농지법」, 「자연환경보전법」, 「야생생물 보호 및 관리에 관한 법률」, 「해양생태계의 보전 및 관리에 관한 법률」 또는 「산림자원의 조성 및 관리에 관한 법률」에 따라 건축물이나 그 밖의 시설의 용도ㆍ종류 및 규모 등을 제한할 수 있다. 이 경우 이 법에 따른 제한의 취지와 형평을 이루도록 하여야 한다. <개정 2011.7.28, 2013.3.23, 2025.10.1>","20260701","20260701","2026-09-21","「국토의 계획 및 이용에 관한 법률」 제76조제6항 (법률 제21447호, 2026. 7. 1. 시행), 국가법령정보센터, 2026-09-21 조회","https://www.law.go.kr/법령/%EA%B5%AD%ED%86%A0%EC%9D%98%20%EA%B3%84%ED%9A%8D%20%EB%B0%8F%20%EC%9D%B4%EC%9A%A9%EC%97%90%20%EA%B4%80%ED%95%9C%20%EB%B2%95%EB%A5%A0"
"국토의 계획 및 이용에 관한 법률","009294","284013","법률","국토교통부","제77조","제1항","용도지역의 건폐율","① 제36조에 따라 지정된 용도지역에서 건폐율의 최대한도는 관할 구역의 면적과 인구 규모, 용도지역의 특성 등을 고려하여 다음 각 호의 범위에서 대통령령으로 정하는 기준에 따라 특별시ㆍ광역시ㆍ특별자치시ㆍ특별자치도ㆍ시 또는 군의 조례로 정한다. <개정 2011.4.14, 2013.7.16, 2015.8.11> 1. 도시지역 가. 주거지역: 70퍼센트 이하 나. 상업지역: 90퍼센트 이하 다. 공업지역: 70퍼센트 이하 라. 녹지지역: 20퍼센트 이하 2. 관리지역 가. 보전관리지역: 20퍼센트 이하 나. 생산관리지역: 20퍼센트 이하 다. 계획관리지역: 40퍼센트 이하 3. 농림지역: 20퍼센트 이하 4. 자연환경보전지역: 20퍼센트 이하","20260701","20260701","2026-09-21","「국토의 계획 및 이용에 관한 법률」 제77조제1항 (법률 제21447호, 2026. 7. 1. 시행), 국가법령정보센터, 2026-09-21 조회","https://www.law.go.kr/법령/%EA%B5%AD%ED%86%A0%EC%9D%98%20%EA%B3%84%ED%9A%8D%20%EB%B0%8F%20%EC%9D%B4%EC%9A%A9%EC%97%90%20%EA%B4%80%ED%95%9C%20%EB%B2%95%EB%A5%A0"
"국토의 계획 및 이용에 관한 법률","009294","284013","법률","국토교통부","제77조","제2항","용도지역의 건폐율","② 제36조제2항에 따라 세분된 용도지역에서의 건폐율에 관한 기준은 제1항 각 호의 범위에서 대통령령으로 따로 정한다.","20260701","20260701","2026-09-21","「국토의 계획 및 이용에 관한 법률」 제77조제2항 (법률 제21447호, 2026. 7. 1. 시행), 국가법령정보센터, 2026-09-21 조회","https://www.law.go.kr/법령/%EA%B5%AD%ED%86%A0%EC%9D%98%20%EA%B3%84%ED%9A%8D%20%EB%B0%8F%20%EC%9D%B4%EC%9A%A9%EC%97%90%20%EA%B4%80%ED%95%9C%20%EB%B2%95%EB%A5%A0"
"국토의 계획 및 이용에 관한 법률","009294","284013","법률","국토교통부","제77조","제3항","용도지역의 건폐율","③ 다음 각 호의 어느 하나에 해당하는 지역에서의 건폐율에 관한 기준은 제1항과 제2항에도 불구하고 80퍼센트 이하의 범위에서 대통령령으로 정하는 기준에 따라 특별시ㆍ광역시ㆍ특별자치시ㆍ특별자치도ㆍ시 또는 군의 조례로 따로 정한다. <개정 2011.4.14, 2011.8.4, 2015.8.11, 2017.4.18> 1. 제37조제1항제6호에 따른 취락지구 2. 제37조제1항제7호에 따른 개발진흥지구(도시지역 외의 지역 또는 대통령령으로 정하는 용도지역만 해당한다) 3. 제40조에 따른 수산자원보호구역 4. 「자연공원법」에 따른 자연공원 5. 「산업입지 및 개발에 관한 법률」 제2조제8호라목에 따른 농공단지 6. 공업지역에 있는 「산업입지 및 개발에 관한 법률」 제2조제8호가목부터 다목까지의 규정에 따른 국가산업단지, 일반산업단지 및 도시첨단산업단지와 같은 조 제12호에 따른 준산업단지","20260701","20260701","2026-09-21","「국토의 계획 및 이용에 관한 법률」 제77조제3항 (법률 제21447호, 2026. 7. 1. 시행), 국가법령정보센터, 2026-09-21 조회","https://www.law.go.kr/법령/%EA%B5%AD%ED%86%A0%EC%9D%98%20%EA%B3%84%ED%9A%8D%20%EB%B0%8F%20%EC%9D%B4%EC%9A%A9%EC%97%90%20%EA%B4%80%ED%95%9C%20%EB%B2%95%EB%A5%A0"
"국토의 계획 및 이용에 관한 법률","009294","284013","법률","국토교통부","제77조","제4항","용도지역의 건폐율","④ 다음 각 호의 어느 하나에 해당하는 경우로서 대통령령으로 정하는 경우에는 제1항에도 불구하고 대통령령으로 정하는 기준에 따라 특별시ㆍ광역시ㆍ특별자치시ㆍ특별자치도ㆍ시 또는 군의 조례로 건폐율을 따로 정할 수 있다. <개정 2011.4.14, 2011.9.16> 1. 토지이용의 과밀화를 방지하기 위하여 건폐율을 강화할 필요가 있는 경우 2. 주변 여건을 고려하여 토지의 이용도를 높이기 위하여 건폐율을 완화할 필요가 있는 경우 3. 녹지지역, 보전관리지역, 생산관리지역, 농림지역 또는 자연환경보전지역에서 농업용ㆍ임업용ㆍ어업용 건축물을 건축하려는 경우 4. 보전관리지역, 생산관리지역, 농림지역 또는 자연환경보전지역에서 주민생활의 편익을 증진시키기 위한 건축물을 건축하려는 경우","20260701","20260701","2026-09-21","「국토의 계획 및 이용에 관한 법률」 제77조제4항 (법률 제21447호, 2026. 7. 1. 시행), 국가법령정보센터, 2026-09-21 조회","https://www.law.go.kr/법령/%EA%B5%AD%ED%86%A0%EC%9D%98%20%EA%B3%84%ED%9A%8D%20%EB%B0%8F%20%EC%9D%B4%EC%9A%A9%EC%97%90%20%EA%B4%80%ED%95%9C%20%EB%B2%95%EB%A5%A0"
"국토의 계획 및 이용에 관한 법률","009294","284013","법률","국토교통부","제77조","제5항","용도지역의 건폐율","⑤ 삭제 <2021.1.12>","20260701","20260701","2026-09-21","「국토의 계획 및 이용에 관한 법률」 제77조제5항 (법률 제21447호, 2026. 7. 1. 시행), 국가법령정보센터, 2026-09-21 조회","https://www.law.go.kr/법령/%EA%B5%AD%ED%86%A0%EC%9D%98%20%EA%B3%84%ED%9A%8D%20%EB%B0%8F%20%EC%9D%B4%EC%9A%A9%EC%97%90%20%EA%B4%80%ED%95%9C%20%EB%B2%95%EB%A5%A0"
"국토의 계획 및 이용에 관한 법률","009294","284013","법률","국토교통부","제78조","제1항","용도지역에서의 용적률","① 제36조에 따라 지정된 용도지역에서 용적률의 최대한도는 관할 구역의 면적과 인구 규모, 용도지역의 특성 등을 고려하여 다음 각 호의 범위에서 대통령령으로 정하는 기준에 따라 특별시ㆍ광역시ㆍ특별자치시ㆍ특별자치도ㆍ시 또는 군의 조례로 정한다. <개정 2011.4.14, 2013.7.16, 2021.1.12> 1. 도시지역 가. 주거지역: 500퍼센트 이하 나. 상업지역: 1천500퍼센트 이하 다. 공업지역: 400퍼센트 이하 라. 녹지지역: 100퍼센트 이하 2. 관리지역 가. 보전관리지역: 80퍼센트 이하 나. 생산관리지역: 80퍼센트 이하 다. 계획관리지역: 100퍼센트 이하 3. 농림지역: 80퍼센트 이하 4. 자연환경보전지역: 80퍼센트 이하","20260701","20260701","2026-09-21","「국토의 계획 및 이용에 관한 법률」 제78조제1항 (법률 제21447호, 2026. 7. 1. 시행), 국가법령정보센터, 2026-09-21 조회","https://www.law.go.kr/법령/%EA%B5%AD%ED%86%A0%EC%9D%98%20%EA%B3%84%ED%9A%8D%20%EB%B0%8F%20%EC%9D%B4%EC%9A%A9%EC%97%90%20%EA%B4%80%ED%95%9C%20%EB%B2%95%EB%A5%A0"
"국토의 계획 및 이용에 관한 법률","009294","284013","법률","국토교통부","제78조","제2항","용도지역에서의 용적률","② 제36조제2항에 따라 세분된 용도지역에서의 용적률에 관한 기준은 제1항 각 호의 범위에서 대통령령으로 따로 정한다.","20260701","20260701","2026-09-21","「국토의 계획 및 이용에 관한 법률」 제78조제2항 (법률 제21447호, 2026. 7. 1. 시행), 국가법령정보센터, 2026-09-21 조회","https://www.law.go.kr/법령/%EA%B5%AD%ED%86%A0%EC%9D%98%20%EA%B3%84%ED%9A%8D%20%EB%B0%8F%20%EC%9D%B4%EC%9A%A9%EC%97%90%20%EA%B4%80%ED%95%9C%20%EB%B2%95%EB%A5%A0"
"국토의 계획 및 이용에 관한 법률","009294","284013","법률","국토교통부","제78조","제3항","용도지역에서의 용적률","③ 제77조제3항제2호부터 제5호까지의 규정에 해당하는 지역에서의 용적률에 대한 기준은 제1항과 제2항에도 불구하고 200퍼센트 이하의 범위에서 대통령령으로 정하는 기준에 따라 특별시ㆍ광역시ㆍ특별자치시ㆍ특별자치도ㆍ시 또는 군의 조례로 따로 정한다. <개정 2011.4.14>","20260701","20260701","2026-09-21","「국토의 계획 및 이용에 관한 법률」 제78조제3항 (법률 제21447호, 2026. 7. 1. 시행), 국가법령정보센터, 2026-09-21 조회","https://www.law.go.kr/법령/%EA%B5%AD%ED%86%A0%EC%9D%98%20%EA%B3%84%ED%9A%8D%20%EB%B0%8F%20%EC%9D%B4%EC%9A%A9%EC%97%90%20%EA%B4%80%ED%95%9C%20%EB%B2%95%EB%A5%A0"
"국토의 계획 및 이용에 관한 법률","009294","284013","법률","국토교통부","제78조","제4항","용도지역에서의 용적률","④ 건축물의 주위에 공원ㆍ광장ㆍ도로ㆍ하천 등의 공지가 있거나 이를 설치하는 경우에는 제1항에도 불구하고 대통령령으로 정하는 바에 따라 특별시ㆍ광역시ㆍ특별자치시ㆍ특별자치도ㆍ시 또는 군의 조례로 용적률을 따로 정할 수 있다. <개정 2011.4.14>","20260701","20260701","2026-09-21","「국토의 계획 및 이용에 관한 법률」 제78조제4항 (법률 제21447호, 2026. 7. 1. 시행), 국가법령정보센터, 2026-09-21 조회","https://www.law.go.kr/법령/%EA%B5%AD%ED%86%A0%EC%9D%98%20%EA%B3%84%ED%9A%8D%20%EB%B0%8F%20%EC%9D%B4%EC%9A%A9%EC%97%90%20%EA%B4%80%ED%95%9C%20%EB%B2%95%EB%A5%A0"
"국토의 계획 및 이용에 관한 법률","009294","284013","법률","국토교통부","제78조","제5항","용도지역에서의 용적률","⑤ 제1항과 제4항에도 불구하고 제36조에 따른 도시지역(녹지지역만 해당한다), 관리지역에서는 창고 등 대통령령으로 정하는 용도의 건축물 또는 시설물은 특별시ㆍ광역시ㆍ특별자치시ㆍ특별자치도ㆍ시 또는 군의 조례로 정하는 높이로 규모 등을 제한할 수 있다. <개정 2011.4.14>","20260701","20260701","2026-09-21","「국토의 계획 및 이용에 관한 법률」 제78조제5항 (법률 제21447호, 2026. 7. 1. 시행), 국가법령정보센터, 2026-09-21 조회","https://www.law.go.kr/법령/%EA%B5%AD%ED%86%A0%EC%9D%98%20%EA%B3%84%ED%9A%8D%20%EB%B0%8F%20%EC%9D%B4%EC%9A%A9%EC%97%90%20%EA%B4%80%ED%95%9C%20%EB%B2%95%EB%A5%A0"
"국토의 계획 및 이용에 관한 법률","009294","284013","법률","국토교통부","제78조","제6항","용도지역에서의 용적률","⑥ 제1항에도 불구하고 건축물을 건축하려는 자가 그 대지의 일부에 「사회복지사업법」 제2조제4호에 따른 사회복지시설 중 대통령령으로 정하는 시설을 설치하여 국가 또는 지방자치단체에 기부채납하는 경우에는 특별시ㆍ광역시ㆍ특별자치시ㆍ특별자치도ㆍ시 또는 군의 조례로 해당 용도지역에 적용되는 용적률을 완화할 수 있다. 이 경우 용적률 완화의 허용범위, 기부채납의 기준 및 절차 등에 필요한 사항은 대통령령으로 정한다. <신설 2013.12.30>","20260701","20260701","2026-09-21","「국토의 계획 및 이용에 관한 법률」 제78조제6항 (법률 제21447호, 2026. 7. 1. 시행), 국가법령정보센터, 2026-09-21 조회","https://www.law.go.kr/법령/%EA%B5%AD%ED%86%A0%EC%9D%98%20%EA%B3%84%ED%9A%8D%20%EB%B0%8F%20%EC%9D%B4%EC%9A%A9%EC%97%90%20%EA%B4%80%ED%95%9C%20%EB%B2%95%EB%A5%A0"
"국토의 계획 및 이용에 관한 법률","009294","284013","법률","국토교통부","제78조","제7항","용도지역에서의 용적률","⑦ 이 법 및 「건축법」 등 다른 법률에 따른 용적률의 완화에 관한 규정은 이 법 및 다른 법률에도 불구하고 다음 각 호의 구분에 따른 범위에서 중첩하여 적용할 수 있다. 다만, 용적률 완화 규정을 중첩 적용하여 완화되는 용적률이 제1항 및 제2항에 따라 대통령령으로 정하고 있는 해당 용도지역별 용적률 최대한도를 초과하는 경우에는 관할 시ㆍ도지사, 시장ㆍ군수 또는 구청장이 제30조제3항 단서 또는 같은 조 제7항에 따른 건축위원회와 도시계획위원회의 공동 심의를 거쳐 기반시설의 설치 및 그에 필요한 용지의 확보가 충분하다고 인정하는 경우에 한정한다. <신설 2021.10.8> 1. 지구단위계획구역: 제52조제3항에 따라 지구단위계획으로 정하는 범위 2. 지구단위계획구역 외의 지역: 제1항 및 제2항에 따라 대통령령으로 정하고 있는 해당 용도지역별 용적률 최대한도의 120퍼센트 이하","20260701","20260701","2026-09-21","「국토의 계획 및 이용에 관한 법률」 제78조제7항 (법률 제21447호, 2026. 7. 1. 시행), 국가법령정보센터, 2026-09-21 조회","https://www.law.go.kr/법령/%EA%B5%AD%ED%86%A0%EC%9D%98%20%EA%B3%84%ED%9A%8D%20%EB%B0%8F%20%EC%9D%B4%EC%9A%A9%EC%97%90%20%EA%B4%80%ED%95%9C%20%EB%B2%95%EB%A5%A0"
"국토의 계획 및 이용에 관한 법률","009294","284013","법률","국토교통부","제80조의4","","도시혁신구역에서의 행위 제한","제80조의4(도시혁신구역에서의 행위 제한) 용도지역 및 용도지구에 따른 제한에도 불구하고 도시혁신구역에서의 토지의 이용, 건축물이나 그 밖의 시설의 용도ㆍ건폐율ㆍ용적률ㆍ높이 등에 관한 제한 및 그 밖에 대통령령으로 정하는 사항에 관하여는 도시혁신계획으로 따로 정한다.","20260701","20260701","2026-09-21","「국토의 계획 및 이용에 관한 법률」 제80조의4 (법률 제21447호, 2026. 7. 1. 시행), 국가법령정보센터, 2026-09-21 조회","https://www.law.go.kr/법령/%EA%B5%AD%ED%86%A0%EC%9D%98%20%EA%B3%84%ED%9A%8D%20%EB%B0%8F%20%EC%9D%B4%EC%9A%A9%EC%97%90%20%EA%B4%80%ED%95%9C%20%EB%B2%95%EB%A5%A0"
"국토의 계획 및 이용에 관한 법률","009294","284013","법률","국토교통부","제80조의5","제1항","복합용도구역에서의 행위 제한","① 용도지역 및 용도지구에 따른 제한에도 불구하고 복합용도구역에서의 건축물이나 그 밖의 시설의 용도ㆍ종류 및 규모 등의 제한에 관한 사항은 대통령령으로 정하는 범위에서 복합용도계획으로 따로 정한다.","20260701","20260701","2026-09-21","「국토의 계획 및 이용에 관한 법률」 제80조의5제1항 (법률 제21447호, 2026. 7. 1. 시행), 국가법령정보센터, 2026-09-21 조회","https://www.law.go.kr/법령/%EA%B5%AD%ED%86%A0%EC%9D%98%20%EA%B3%84%ED%9A%8D%20%EB%B0%8F%20%EC%9D%B4%EC%9A%A9%EC%97%90%20%EA%B4%80%ED%95%9C%20%EB%B2%95%EB%A5%A0"
"국토의 계획 및 이용에 관한 법률","009294","284013","법률","국토교통부","제80조의5","제2항","복합용도구역에서의 행위 제한","② 복합용도구역에서의 건폐율과 용적률은 제77조제1항 각 호 및 제78조제1항 각 호에 따른 용도지역별 건폐율과 용적률의 최대한도의 범위에서 복합용도계획으로 정한다.","20260701","20260701","2026-09-21","「국토의 계획 및 이용에 관한 법률」 제80조의5제2항 (법률 제21447호, 2026. 7. 1. 시행), 국가법령정보센터, 2026-09-21 조회","https://www.law.go.kr/법령/%EA%B5%AD%ED%86%A0%EC%9D%98%20%EA%B3%84%ED%9A%8D%20%EB%B0%8F%20%EC%9D%B4%EC%9A%A9%EC%97%90%20%EA%B4%80%ED%95%9C%20%EB%B2%95%EB%A5%A0"
"국토의 계획 및 이용에 관한 법률 시행령","009419","288857","대통령령","국토교통부","제30조","제1항","용도지역의 세분","① 국토교통부장관, 시ㆍ도지사 또는 대도시의 시장(이하 ""대도시 시장""이라 한다)은 법 제36조제2항에 따라 도시ㆍ군관리계획결정으로 주거지역ㆍ상업지역ㆍ공업지역 및 녹지지역을 다음 각 호와 같이 세분하여 지정할 수 있다. <개정 2008.2.29, 2009.8.5, 2012.4.10, 2013.3.23, 2014.1.14, 2019.8.6> 1. 주거지역 가. 전용주거지역 : 양호한 주거환경을 보호하기 위하여 필요한 지역 (1) 제1종전용주거지역 : 단독주택 중심의 양호한 주거환경을 보호하기 위하여 필요한 지역 (2) 제2종전용주거지역 : 공동주택 중심의 양호한 주거환경을 보호하기 위하여 필요한 지역 나. 일반주거지역 : 편리한 주거환경을 조성하기 위하여 필요한 지역 (1) 제1종일반주거지역 : 저층주택을 중심으로 편리한 주거환경을 조성하기 위하여 필요한 지역 (2) 제2종일반주거지역 : 중층주택을 중심으로 편리한 주거환경을 조성하기 위하여 필요한 지역 (3) 제3종일반주거지역 : 중고층주택을 중심으로 편리한 주거환경을 조성하기 위하여 필요한 지역 다. 준주거지역 : 주거기능을 위주로 이를 지원하는 일부 상업기능 및 업무기능을 보완하기 위하여 필요한 지역 2. 상업지역 가. 중심상업지역 : 도심ㆍ부도심의 상업기능 및 업무기능의 확충을 위하여 필요한 지역 나. 일반상업지역 : 일반적인 상업기능 및 업무기능을 담당하게 하기 위하여 필요한 지역 다. 근린상업지역 : 근린지역에서의 일용품 및 서비스의 공급을 위하여 필요한 지역 라. 유통상업지역 : 도시내 및 지역간 유통기능의 증진을 위하여 필요한 지역 3. 공업지역 가. 전용공업지역 : 주로 중화학공업, 공해성 공업 등을 수용하기 위하여 필요한 지역 나. 일반공업지역 : 환경을 저해하지 아니하는 공업의 배치를 위하여 필요한 지역 다. 준공업지역 : 경공업 그 밖의 공업을 수용하되, 주거기능ㆍ상업기능 및 업무기능의 보완이 필요한 지역 4. 녹지지역 가. 보전녹지지역 : 도시의 자연환경ㆍ경관ㆍ산림 및 녹지공간을 보전할 필요가 있는 지역 나. 생산녹지지역 : 주로 농업적 생산을 위하여 개발을 유보할 필요가 있는 지역 다. 자연녹지지역 : 도시의 녹지공간의 확보, 도시확산의 방지, 장래 도시용지의 공급 등을 위하여 보전할 필요가 있는 지역으로서 불가피한 경우에 한하여 제한적인 개발이 허용되는 지역","20260918","20260918","2026-09-21","「국토의 계획 및 이용에 관한 법률 시행령」 제30조제1항 (대통령령 제36587호, 2026. 9. 18. 시행), 국가법령정보센터, 2026-09-21 조회","https://www.law.go.kr/법령/%EA%B5%AD%ED%86%A0%EC%9D%98%20%EA%B3%84%ED%9A%8D%20%EB%B0%8F%20%EC%9D%B4%EC%9A%A9%EC%97%90%20%EA%B4%80%ED%95%9C%20%EB%B2%95%EB%A5%A0%20%EC%8B%9C%ED%96%89%EB%A0%B9"
"국토의 계획 및 이용에 관한 법률 시행령","009419","288857","대통령령","국토교통부","제30조","제2항","용도지역의 세분","② 시ㆍ도지사 또는 대도시 시장은 해당 시ㆍ도 또는 대도시의 도시ㆍ군계획조례로 정하는 바에 따라 도시ㆍ군관리계획결정으로 제1항에 따라 세분된 주거지역ㆍ상업지역ㆍ공업지역ㆍ녹지지역을 추가적으로 세분하여 지정할 수 있다. <신설 2019.8.6>","20260918","20260918","2026-09-21","「국토의 계획 및 이용에 관한 법률 시행령」 제30조제2항 (대통령령 제36587호, 2026. 9. 18. 시행), 국가법령정보센터, 2026-09-21 조회","https://www.law.go.kr/법령/%EA%B5%AD%ED%86%A0%EC%9D%98%20%EA%B3%84%ED%9A%8D%20%EB%B0%8F%20%EC%9D%B4%EC%9A%A9%EC%97%90%20%EA%B4%80%ED%95%9C%20%EB%B2%95%EB%A5%A0%20%EC%8B%9C%ED%96%89%EB%A0%B9"
"국토의 계획 및 이용에 관한 법률 시행령","009419","288857","대통령령","국토교통부","제84조","제1항","용도지역안에서의 건폐율","①법 제77조제1항 및 제2항에 따른 건폐율은 다음 각 호의 범위에서 특별시ㆍ광역시ㆍ특별자치시ㆍ특별자치도ㆍ시 또는 군의 도시ㆍ군계획조례가 정하는 비율 이하로 한다. <개정 2012.4.10, 2019.12.31> 1. 제1종전용주거지역 : 50퍼센트 이하 2. 제2종전용주거지역 : 50퍼센트 이하 3. 제1종일반주거지역 : 60퍼센트 이하 4. 제2종일반주거지역 : 60퍼센트 이하 5. 제3종일반주거지역 : 50퍼센트 이하 6. 준주거지역 : 70퍼센트 이하 7. 중심상업지역 : 90퍼센트 이하 8. 일반상업지역 : 80퍼센트 이하 9. 근린상업지역 : 70퍼센트 이하 10. 유통상업지역 : 80퍼센트 이하 11. 전용공업지역 : 70퍼센트 이하 12. 일반공업지역 : 70퍼센트이하 13. 준공업지역 : 70퍼센트 이하 14. 보전녹지지역 : 20퍼센트 이하 15. 생산녹지지역 : 20퍼센트 이하 16. 자연녹지지역 : 20퍼센트 이하 17. 보전관리지역 : 20퍼센트 이하 18. 생산관리지역 : 20퍼센트 이하 19. 계획관리지역 : 40퍼센트 이하 20. 농림지역 : 20퍼센트 이하 21. 자연환경보전지역 : 20퍼센트 이하","20260918","20260918","2026-09-21","「국토의 계획 및 이용에 관한 법률 시행령」 제84조제1항 (대통령령 제36587호, 2026. 9. 18. 시행), 국가법령정보센터, 2026-09-21 조회","https://www.law.go.kr/법령/%EA%B5%AD%ED%86%A0%EC%9D%98%20%EA%B3%84%ED%9A%8D%20%EB%B0%8F%20%EC%9D%B4%EC%9A%A9%EC%97%90%20%EA%B4%80%ED%95%9C%20%EB%B2%95%EB%A5%A0%20%EC%8B%9C%ED%96%89%EB%A0%B9"
"국토의 계획 및 이용에 관한 법률 시행령","009419","288857","대통령령","국토교통부","제84조","제2항","용도지역안에서의 건폐율","②제1항의 규정에 의하여 도시ㆍ군계획조례로 용도지역별 건폐율을 정함에 있어서 필요한 경우에는 당해 지방자치단체의 관할구역을 세분하여 건폐율을 달리 정할 수 있다. <개정 2012.4.10>","20260918","20260918","2026-09-21","「국토의 계획 및 이용에 관한 법률 시행령」 제84조제2항 (대통령령 제36587호, 2026. 9. 18. 시행), 국가법령정보센터, 2026-09-21 조회","https://www.law.go.kr/법령/%EA%B5%AD%ED%86%A0%EC%9D%98%20%EA%B3%84%ED%9A%8D%20%EB%B0%8F%20%EC%9D%B4%EC%9A%A9%EC%97%90%20%EA%B4%80%ED%95%9C%20%EB%B2%95%EB%A5%A0%20%EC%8B%9C%ED%96%89%EB%A0%B9"
"국토의 계획 및 이용에 관한 법률 시행령","009419","288857","대통령령","국토교통부","제84조","제3항","용도지역안에서의 건폐율","③ 법 제77조3항제2호에서 ""대통령령으로 정하는 용도지역""이란 자연녹지지역을 말한다. <신설 2016.2.11>","20260918","20260918","2026-09-21","「국토의 계획 및 이용에 관한 법률 시행령」 제84조제3항 (대통령령 제36587호, 2026. 9. 18. 시행), 국가법령정보센터, 2026-09-21 조회","https://www.law.go.kr/법령/%EA%B5%AD%ED%86%A0%EC%9D%98%20%EA%B3%84%ED%9A%8D%20%EB%B0%8F%20%EC%9D%B4%EC%9A%A9%EC%97%90%20%EA%B4%80%ED%95%9C%20%EB%B2%95%EB%A5%A0%20%EC%8B%9C%ED%96%89%EB%A0%B9"
"국토의 계획 및 이용에 관한 법률 시행령","009419","288857","대통령령","국토교통부","제84조","제4항","용도지역안에서의 건폐율","④법 제77조제3항에 따라 다음 각 호의 지역에서의 건폐율은 각 호에서 정한 범위에서 특별시ㆍ광역시ㆍ특별자치시ㆍ특별자치도ㆍ시 또는 군의 도시ㆍ군계획조례로 정하는 비율 이하로 한다. <개정 2005.9.8, 2008.9.25, 2009.8.5, 2010.10.1, 2011.3.9, 2011.11.16, 2012.4.10, 2016.2.11, 2019.12.31, 2024.5.28, 2025.7.1> 1. 취락지구 : 60퍼센트 이하(집단취락지구에 대하여는 개발제한구역의지정및관리에관한특별조치법령이 정하는 바에 의한다) 2. 개발진흥지구: 다음 각 목에서 정하는 비율 이하 가. 도시지역 외의 지역에 지정된 경우: 40퍼센트. 다만, 계획관리지역에 제31조제2항제8호나목에 따른 산업ㆍ유통개발진흥지구가 지정된 경우에는 60퍼센트로 한다. 나. 자연녹지지역에 지정된 경우: 30퍼센트 3. 수산자원보호구역 : 40퍼센트 이하 4. 「자연공원법」에 따른 자연공원 : 60퍼센트 이하 5. 「산업입지 및 개발에 관한 법률」 제2조제8호라목에 따른 농공단지 : 70퍼센트 이하. 다만, 해당 지방도시계획위원회의 심의를 거쳐 도로ㆍ상수도ㆍ하수도 등의 기반시설이 충분히 확보되었다고 인정되거나 도시ㆍ군계획조례로 정하는 기반시설 확보 요건을 갖춘 경우에는 80퍼센트 이하로 한다. 6. 공업지역에 있는 「산업입지 및 개발에 관한 법률」 제2조제8호가목부터 다목까지의 규정에 따른 국가산업단지ㆍ일반산업단지ㆍ도시첨단산업단지 및 같은 조 제12호에 따른 준산업단지: 80퍼센트 이하","20260918","20260918","2026-09-21","「국토의 계획 및 이용에 관한 법률 시행령」 제84조제4항 (대통령령 제36587호, 2026. 9. 18. 시행), 국가법령정보센터, 2026-09-21 조회","https://www.law.go.kr/법령/%EA%B5%AD%ED%86%A0%EC%9D%98%20%EA%B3%84%ED%9A%8D%20%EB%B0%8F%20%EC%9D%B4%EC%9A%A9%EC%97%90%20%EA%B4%80%ED%95%9C%20%EB%B2%95%EB%A5%A0%20%EC%8B%9C%ED%96%89%EB%A0%B9"
"국토의 계획 및 이용에 관한 법률 시행령","009419","288857","대통령령","국토교통부","제84조","제5항","용도지역안에서의 건폐율","⑤특별시장ㆍ광역시장ㆍ특별자치시장ㆍ특별자치도지사ㆍ시장 또는 군수가 법 제77조제4항제1호에 따라 도시지역에서 토지이용의 과밀화를 방지하기 위하여 건폐율을 낮춰야 할 필요가 있다고 인정하여 당해 지방자치단체에 설치된 도시계획위원회의 심의를 거쳐 정한 구역안에서의 건축물의 경우에는 그 건폐율은 그 구역에 적용할 건폐율의 최대한도의 40퍼센트 이상의 범위에서 특별시ㆍ광역시ㆍ특별자치시ㆍ특별자치도ㆍ시 또는 군의 도시ㆍ군계획조례가 정하는 비율 이하로 한다. <개정 2012.4.10, 2016.2.11, 2019.12.31>","20260918","20260918","2026-09-21","「국토의 계획 및 이용에 관한 법률 시행령」 제84조제5항 (대통령령 제36587호, 2026. 9. 18. 시행), 국가법령정보센터, 2026-09-21 조회","https://www.law.go.kr/법령/%EA%B5%AD%ED%86%A0%EC%9D%98%20%EA%B3%84%ED%9A%8D%20%EB%B0%8F%20%EC%9D%B4%EC%9A%A9%EC%97%90%20%EA%B4%80%ED%95%9C%20%EB%B2%95%EB%A5%A0%20%EC%8B%9C%ED%96%89%EB%A0%B9"
"국토의 계획 및 이용에 관한 법률 시행령","009419","288857","대통령령","국토교통부","제84조","제6항","용도지역안에서의 건폐율","⑥법 제77조제4항제2호에 따라 다음 각 호의 어느 하나에 해당하는 건축물의 경우에는 제1항에도 불구하고 그 건폐율은 다음 각 호에서 정하는 비율을 초과할 수 없다. <개정 2008.9.25, 2009.7.7, 2011.7.1, 2012.4.10, 2014.1.14, 2014.10.15, 2015.7.6, 2016.2.11, 2016.5.17, 2019.8.6, 2019.12.31, 2020.5.26, 2021.7.6, 2024.5.7, 2024.9.10> 1. 준주거지역ㆍ일반상업지역ㆍ근린상업지역ㆍ전용공업지역ㆍ일반공업지역ㆍ준공업지역 중 방화지구의 건축물로서 주요 구조부와 외벽이 내화구조인 건축물 중 도시ㆍ군계획조례로 정하는 건축물: 80퍼센트 이상 90퍼센트 이하의 범위에서 특별시ㆍ광역시ㆍ특별자치시ㆍ특별자치도ㆍ시 또는 군의 도시ㆍ군계획조례로 정하는 비율 가. 삭제 <2014.1.14> 나. 삭제 <2014.1.14> 2. 녹지지역ㆍ관리지역ㆍ농림지역 및 자연환경보전지역의 건축물로서 법 제37조제4항 후단에 따른 방재지구의 재해저감대책에 부합하게 재해예방시설을 설치한 건축물: 제1항 각 호에 따른 해당 용도지역별 건폐율의 150퍼센트 이하의 범위에서 도시ㆍ군계획조례로 정하는 비율 3. 자연녹지지역의 창고시설 또는 연구소(자연녹지지역으로 지정될 당시 이미 준공된 것으로서 기존 부지에서 증축하는 경우만 해당한다): 40퍼센트의 범위에서 최초 건축허가 시 그 건축물에 허용된 건폐율 4. 계획관리지역의 기존 공장ㆍ창고시설 또는 연구소(2003년 1월 1일 전에 준공되고 기존 부지에 증축하는 경우로서 해당 지방도시계획위원회의 심의를 거쳐 도로ㆍ상수도ㆍ하수도 등의 기반시설이 충분히 확보되었다고 인정되거나, 도시ㆍ군계획조례로 정하는 기반시설 확보 요건을 충족하는 경우만 해당한다): 50퍼센트의 범위에서 도시ㆍ군계획조례로 정하는 비율 5. 녹지지역ㆍ보전관리지역ㆍ생산관리지역ㆍ농림지역 또는 자연환경보전지역의 건축물로서 다음 각 목의 어느 하나에 해당하는 건축물: 30퍼센트의 범위에서 도시ㆍ군계획조례로 정하는 비율 가. 「전통사찰의 보존 및 지원에 관한 법률」 제2조제1호에 따른 전통사찰 나. 「문화유산의 보존 및 활용에 관한 법률」에 따른 지정문화유산, 「근현대문화유산의 보존 및 활용에 관한 법률」에 따른 국가등록문화유산 또는 「자연유산의 보존 및 활용에 관한 법률」에 따른 천연기념물등 다. 「건축법 시행령」 제2조제16호에 따른 한옥 6. 종전의 「도시계획법」(2000년 1월 28일 법률 제6243호로 개정되기 전의 것을 말한다) 제2조제1항제10호에 따른 일단의 공업용지조성사업 구역(이 조 제4항제6호에 따른 산업단지 또는 준산업단지와 연접한 것에 한정한다) 내의 공장으로서 관할 특별시장ㆍ광역시장ㆍ특별자치시장ㆍ특별자치도지사ㆍ시장 또는 군수가 해당 지방도시계획위원회의 심의를 거쳐 기반시설의 설치 및 그에 필요한 용지의 확보가 충분하고 주변지역의 환경오염 우려가 없다고 인정하는 공장: 80퍼센트 이하의 범위에서 도시ㆍ군계획조례로 정하는 비율 7. 자연녹지지역의 학교(「초ㆍ중등교육법」 제2조에 따른 학교 및 「고등교육법」 제2조제1호부터 제5호까지의 규정에 따른 학교를 말한다)로서 다음 각 목의 요건을 모두 충족하는 학교: 30퍼센트의 범위에서 도시ㆍ군계획조례로 정하는 비율 가. 기존 부지에서 증축하는 경우일 것 나. 학교 설치 이후 개발행위 등으로 해당 학교의 기존 부지가 건축물, 그 밖의 시설로 둘러싸여 부지 확장을 통한 증축이 곤란한 경우로서 해당 도시계획위원회의 심의를 거쳐 기존 부지에서의 증축이 불가피하다고 인정될 것 다. 「고등교육법」 제2조제1호부터 제5호까지의 규정에 따른 학교의 경우 「대학설립ㆍ운영 규정」 별표 2에 따른 교육기본시설, 지원시설 또는 연구시설의 증축일 것 8. 자연녹지지역의 주유소 또는 액화석유가스 충전소로서 다음 각 목의 요건을 모두 충족하는 건축물: 30퍼센트의 범위에서 도시ㆍ군계획조례로 정하는 비율 가. 2021년 7월 13일 전에 준공되었을 것 나. 다음의 요건을 모두 충족하는 「환경친화적 자동차의 개발 및 보급 촉진에 관한 법률」 제2조제9호에 따른 수소연료공급시설의 증축이 예정되어 있을 것 1) 기존 주유소 또는 액화석유가스 충전소의 부지에 증축할 것 2) 2024년 12월 31일 이전에 증축 허가를 신청할 것","20260918","20260918","2026-09-21","「국토의 계획 및 이용에 관한 법률 시행령」 제84조제6항 (대통령령 제36587호, 2026. 9. 18. 시행), 국가법령정보센터, 2026-09-21 조회","https://www.law.go.kr/법령/%EA%B5%AD%ED%86%A0%EC%9D%98%20%EA%B3%84%ED%9A%8D%20%EB%B0%8F%20%EC%9D%B4%EC%9A%A9%EC%97%90%20%EA%B4%80%ED%95%9C%20%EB%B2%95%EB%A5%A0%20%EC%8B%9C%ED%96%89%EB%A0%B9"
"국토의 계획 및 이용에 관한 법률 시행령","009419","288857","대통령령","국토교통부","제84조","제7항","용도지역안에서의 건폐율","⑦제1항에도 불구하고 법 제77조제4항제3호 및 제4호에 따라 보전관리지역ㆍ생산관리지역ㆍ농림지역 또는 자연환경보전지역에 「농지법」 제32조제1항에 따라 건축할 수 있는 건축물의 건폐율은 60퍼센트 이하의 범위에서 특별시ㆍ광역시ㆍ특별자치시ㆍ특별자치도ㆍ시 또는 군의 도시ㆍ군계획조례로 정하는 비율 이하로 한다. <개정 2005.9.8, 2009.7.7, 2011.9.16, 2012.4.10, 2016.2.11, 2019.12.31, 2023.3.21>","20260918","20260918","2026-09-21","「국토의 계획 및 이용에 관한 법률 시행령」 제84조제7항 (대통령령 제36587호, 2026. 9. 18. 시행), 국가법령정보센터, 2026-09-21 조회","https://www.law.go.kr/법령/%EA%B5%AD%ED%86%A0%EC%9D%98%20%EA%B3%84%ED%9A%8D%20%EB%B0%8F%20%EC%9D%B4%EC%9A%A9%EC%97%90%20%EA%B4%80%ED%95%9C%20%EB%B2%95%EB%A5%A0%20%EC%8B%9C%ED%96%89%EB%A0%B9"
"국토의 계획 및 이용에 관한 법률 시행령","009419","288857","대통령령","국토교통부","제84조","제8항","용도지역안에서의 건폐율","⑧ 제1항에도 불구하고 법 제77조제4항제3호에 따라 생산녹지지역 또는 자연녹지지역(자연녹지지역은 도시ㆍ군계획조례로 정하는 지역으로 한정한다. 이하 이 항에서 같다)에 건축할 수 있는 다음 각 호의 건축물의 경우에 그 건폐율은 해당 생산녹지지역 또는 자연녹지지역이 위치한 특별시ㆍ광역시ㆍ특별자치시ㆍ특별자치도ㆍ시 또는 군의 농어업 인구 현황, 농수산물 가공ㆍ처리시설의 수급실태 등을 종합적으로 고려하여 60퍼센트 이하(자연녹지지역의 경우에는 40퍼센트 이하)의 범위에서 해당 특별시ㆍ광역시ㆍ특별자치시ㆍ특별자치도ㆍ시 또는 군의 도시ㆍ군계획조례로 정하는 비율 이하로 한다. <신설 2011.9.16, 2012.4.10, 2015.12.15, 2016.2.11, 2019.12.31, 2024.1.26> 1. 「농지법」 제32조제1항제1호에 따른 농수산물의 가공ㆍ처리시설[해당 특별시ㆍ광역시ㆍ특별자치시ㆍ특별자치도ㆍ시ㆍ군 또는 해당 도시ㆍ군계획조례가 정하는 연접한 시ㆍ군ㆍ구(자치구를 말한다. 이하 같다)에서 생산된 농수산물의 가공ㆍ처리시설만 해당한다] 및 농수산업 관련 시험ㆍ연구시설 2. 「농지법 시행령」 제29조제5항제1호에 따른 농산물 건조ㆍ보관시설 3. 「농지법 시행령」 제29조제7항제2호에 따른 산지유통시설(해당 특별시ㆍ광역시ㆍ특별자치시ㆍ특별자치도ㆍ시ㆍ군 또는 해당 도시ㆍ군계획조례가 정하는 연접한 시ㆍ군ㆍ구에서 생산된 농산물을 위한 산지유통시설만 해당한다)","20260918","20260918","2026-09-21","「국토의 계획 및 이용에 관한 법률 시행령」 제84조제8항 (대통령령 제36587호, 2026. 9. 18. 시행), 국가법령정보센터, 2026-09-21 조회","https://www.law.go.kr/법령/%EA%B5%AD%ED%86%A0%EC%9D%98%20%EA%B3%84%ED%9A%8D%20%EB%B0%8F%20%EC%9D%B4%EC%9A%A9%EC%97%90%20%EA%B4%80%ED%95%9C%20%EB%B2%95%EB%A5%A0%20%EC%8B%9C%ED%96%89%EB%A0%B9"
"국토의 계획 및 이용에 관한 법률 시행령","009419","288857","대통령령","국토교통부","제84조","제9항","용도지역안에서의 건폐율","⑨ 제1항에도 불구하고 자연녹지지역에 설치되는 도시ㆍ군계획시설 중 유원지의 건폐율은 30퍼센트의 범위에서 도시ㆍ군계획조례로 정하는 비율 이하로 하며, 공원의 건폐율은 20퍼센트의 범위에서 도시ㆍ군계획조례로 정하는 비율 이하로 한다. <개정 2009.7.7, 2011.9.16, 2012.4.10, 2016.2.11, 2019.12.31>","20260918","20260918","2026-09-21","「국토의 계획 및 이용에 관한 법률 시행령」 제84조제9항 (대통령령 제36587호, 2026. 9. 18. 시행), 국가법령정보센터, 2026-09-21 조회","https://www.law.go.kr/법령/%EA%B5%AD%ED%86%A0%EC%9D%98%20%EA%B3%84%ED%9A%8D%20%EB%B0%8F%20%EC%9D%B4%EC%9A%A9%EC%97%90%20%EA%B4%80%ED%95%9C%20%EB%B2%95%EB%A5%A0%20%EC%8B%9C%ED%96%89%EB%A0%B9"
"국토의 계획 및 이용에 관한 법률 시행령","009419","288857","대통령령","국토교통부","제85조","제1항","용도지역 안에서의 용적률","①법 제78조제1항 및 제2항에 따른 용적률은 다음 각 호의 범위에서 관할구역의 면적, 인구규모 및 용도지역의 특성 등을 고려하여 특별시ㆍ광역시ㆍ특별자치시ㆍ특별자치도ㆍ시 또는 군의 도시ㆍ군계획조례가 정하는 비율을 초과할 수 없다. <개정 2012.4.10, 2019.8.6, 2021.1.5> 1. 제1종전용주거지역 : 50퍼센트 이상 100퍼센트 이하 2. 제2종전용주거지역 : 50퍼센트 이상 150퍼센트 이하 3. 제1종일반주거지역 : 100퍼센트 이상 200퍼센트 이하 4. 제2종일반주거지역 : 100퍼센트 이상 250퍼센트 이하 5. 제3종일반주거지역 : 100퍼센트 이상 300퍼센트 이하 6. 준주거지역 : 200퍼센트 이상 500퍼센트 이하 7. 중심상업지역 : 200퍼센트 이상 1천500퍼센트 이하 8. 일반상업지역 : 200퍼센트 이상 1천300퍼센트 이하 9. 근린상업지역 : 200퍼센트 이상 900퍼센트 이하 10. 유통상업지역 : 200퍼센트 이상 1천100퍼센트 이하 11. 전용공업지역 : 150퍼센트 이상 300퍼센트 이하 12. 일반공업지역 : 150퍼센트 이상 350퍼센트 이하 13. 준공업지역 : 150퍼센트 이상 400퍼센트 이하 14. 보전녹지지역 : 50퍼센트 이상 80퍼센트 이하 15. 생산녹지지역 : 50퍼센트 이상 100퍼센트 이하 16. 자연녹지지역 : 50퍼센트 이상 100퍼센트 이하 17. 보전관리지역 : 50퍼센트 이상 80퍼센트 이하 18. 생산관리지역 : 50퍼센트 이상 80퍼센트 이하 19. 계획관리지역 : 50퍼센트 이상 100퍼센트 이하 20. 농림지역 : 50퍼센트 이상 80퍼센트 이하 21. 자연환경보전지역 : 50퍼센트 이상 80퍼센트 이하","20260918","20260918","2026-09-21","「국토의 계획 및 이용에 관한 법률 시행령」 제85조제1항 (대통령령 제36587호, 2026. 9. 18. 시행), 국가법령정보센터, 2026-09-21 조회","https://www.law.go.kr/법령/%EA%B5%AD%ED%86%A0%EC%9D%98%20%EA%B3%84%ED%9A%8D%20%EB%B0%8F%20%EC%9D%B4%EC%9A%A9%EC%97%90%20%EA%B4%80%ED%95%9C%20%EB%B2%95%EB%A5%A0%20%EC%8B%9C%ED%96%89%EB%A0%B9"
"국토의 계획 및 이용에 관한 법률 시행령","009419","288857","대통령령","국토교통부","제85조","제2항","용도지역 안에서의 용적률","②제1항의 규정에 의하여 도시ㆍ군계획조례로 용도지역별 용적률을 정함에 있어서 필요한 경우에는 당해 지방자치단체의 관할구역을 세분하여 용적률을 달리 정할 수 있다. <개정 2012.4.10>","20260918","20260918","2026-09-21","「국토의 계획 및 이용에 관한 법률 시행령」 제85조제2항 (대통령령 제36587호, 2026. 9. 18. 시행), 국가법령정보센터, 2026-09-21 조회","https://www.law.go.kr/법령/%EA%B5%AD%ED%86%A0%EC%9D%98%20%EA%B3%84%ED%9A%8D%20%EB%B0%8F%20%EC%9D%B4%EC%9A%A9%EC%97%90%20%EA%B4%80%ED%95%9C%20%EB%B2%95%EB%A5%A0%20%EC%8B%9C%ED%96%89%EB%A0%B9"
"국토의 계획 및 이용에 관한 법률 시행령","009419","288857","대통령령","국토교통부","제85조","제3항","용도지역 안에서의 용적률","③ 제1항에도 불구하고 다음 각 호의 어느 하나에 해당하는 경우에는 해당 지역의 용적률을 다음 각 호의 구분에 따라 완화할 수 있다. <개정 2018.7.17, 2022.1.28, 2023.3.21, 2024.3.19> 1. 제1항제1호부터 제6호까지의 지역에서 「공공주택 특별법 시행령」 제2조에 따른 공공임대주택 또는 임대의무기간이 8년 이상인 「민간임대주택에 관한 특별법」 제2조제1호에 따른 민간임대주택을 건설하는 경우: 제1항제1호부터 제6호까지에 따른 용도지역별 최대한도의 120퍼센트 이내의 범위에서 도시ㆍ군계획조례로 정하는 비율 2. 다음 각 목의 어느 하나에 해당하는 자가 「고등교육법」 제2조에 따른 학교의 학생이 이용하도록 해당 학교 부지 외에 「건축법 시행령」 별표 1 제2호라목에 따른 기숙사(이하 이 항에서 ""기숙사""라 한다)를 건설하는 경우: 제1항 각 호에 따른 용도지역별 최대한도의 범위에서 도시ㆍ군계획조례로 정하는 비율 가. 국가 또는 지방자치단체 나. 「사립학교법」에 따른 학교법인 다. 「한국사학진흥재단법」에 따른 한국사학진흥재단 라. 「한국장학재단 설립 등에 관한 법률」에 따른 한국장학재단 마. 가목부터 라목까지의 어느 하나에 해당하는 자가 단독 또는 공동으로 출자하여 설립한 법인 3. 「고등교육법」 제2조에 따른 학교의 학생이 이용하도록 해당 학교 부지에 기숙사를 건설하는 경우: 제1항 각 호에 따른 용도지역별 최대한도의 범위에서 도시ㆍ군계획조례로 정하는 비율 4. 「영유아보육법」 제14조제1항에 따른 사업주가 같은 법 제10조제4호의 직장어린이집을 설치하기 위하여 기존 건축물 외에 별도의 건축물을 건설하는 경우: 제1항 각 호에 따른 용도지역별 최대한도의 범위에서 도시ㆍ군계획조례로 정하는 비율 5. 제10항 각 호의 어느 하나에 해당하는 시설을 국가 또는 지방자치단체가 건설하는 경우: 제1항 각 호에 따른 용도지역별 최대한도의 범위에서 도시ㆍ군계획조례로 정하는 비율 6. 「건축법 시행령」 별표 1 제9호의 의료시설 부지에 「감염병의 예방 및 관리에 관한 법률」 제36조제3항 전단에 따른 감염병관리시설을 설치하는 경우로서 다음 각 목의 요건을 모두 갖춘 경우: 제1항 각 호에 따른 용도지역별 최대한도의 120퍼센트 이하의 범위에서 도시ㆍ군계획조례로 정하는 비율 가. 질병관리청장이 효율적인 감염병 관리를 위하여 필요하다고 인정하는 시설(이하 ""필요감염병관리시설""이라 한다)을 설치하는 경우일 것 나. 필요감염병관리시설 외 시설의 면적은 제1항에 따라 도시ㆍ군계획조례로 정하는 용적률에 해당하는 면적 이내일 것","20260918","20260918","2026-09-21","「국토의 계획 및 이용에 관한 법률 시행령」 제85조제3항 (대통령령 제36587호, 2026. 9. 18. 시행), 국가법령정보센터, 2026-09-21 조회","https://www.law.go.kr/법령/%EA%B5%AD%ED%86%A0%EC%9D%98%20%EA%B3%84%ED%9A%8D%20%EB%B0%8F%20%EC%9D%B4%EC%9A%A9%EC%97%90%20%EA%B4%80%ED%95%9C%20%EB%B2%95%EB%A5%A0%20%EC%8B%9C%ED%96%89%EB%A0%B9"
"국토의 계획 및 이용에 관한 법률 시행령","009419","288857","대통령령","국토교통부","제85조","제4항","용도지역 안에서의 용적률","④제3항의 규정은 제46조제9항 각 호의 어느 하나에 해당되는 경우에는 이를 적용하지 아니한다. <신설 2005.9.8>","20260918","20260918","2026-09-21","「국토의 계획 및 이용에 관한 법률 시행령」 제85조제4항 (대통령령 제36587호, 2026. 9. 18. 시행), 국가법령정보센터, 2026-09-21 조회","https://www.law.go.kr/법령/%EA%B5%AD%ED%86%A0%EC%9D%98%20%EA%B3%84%ED%9A%8D%20%EB%B0%8F%20%EC%9D%B4%EC%9A%A9%EC%97%90%20%EA%B4%80%ED%95%9C%20%EB%B2%95%EB%A5%A0%20%EC%8B%9C%ED%96%89%EB%A0%B9"
"국토의 계획 및 이용에 관한 법률 시행령","009419","288857","대통령령","국토교통부","제85조","제5항","용도지역 안에서의 용적률","⑤ 제1항에도 불구하고 법 제37조제4항 후단에 따른 방재지구의 재해저감대책에 부합하게 재해예방시설을 설치하는 건축물의 경우 제1항제1호부터 제13호까지의 용도지역에서는 해당 용적률의 140퍼센트 이하의 범위에서 도시ㆍ군계획조례로 정하는 비율로 할 수 있다. <신설 2014.1.14, 2023.7.18>","20260918","20260918","2026-09-21","「국토의 계획 및 이용에 관한 법률 시행령」 제85조제5항 (대통령령 제36587호, 2026. 9. 18. 시행), 국가법령정보센터, 2026-09-21 조회","https://www.law.go.kr/법령/%EA%B5%AD%ED%86%A0%EC%9D%98%20%EA%B3%84%ED%9A%8D%20%EB%B0%8F%20%EC%9D%B4%EC%9A%A9%EC%97%90%20%EA%B4%80%ED%95%9C%20%EB%B2%95%EB%A5%A0%20%EC%8B%9C%ED%96%89%EB%A0%B9"
"국토의 계획 및 이용에 관한 법률 시행령","009419","288857","대통령령","국토교통부","제85조","제6항","용도지역 안에서의 용적률","⑥법 제78조제3항의 규정에 의하여 다음 각 호의 지역 안에서의 용적률은 각 호에서 정한 범위 안에서 특별시ㆍ광역시ㆍ특별자치시ㆍ특별자치도ㆍ시 또는 군의 도시ㆍ군계획조례가 정하는 비율을 초과하여서는 아니된다. <개정 2005.9.8, 2005.9.30, 2005.11.11, 2010.10.1, 2011.11.16, 2012.4.10, 2014.1.14> 1. 도시지역외의 지역에 지정된 개발진흥지구 : 100퍼센트 이하 2. 수산자원보호구역 : 80퍼센트 이하 3. 「자연공원법」에 따른 자연공원: 100퍼센트 이하 4. 「산업입지 및 개발에 관한 법률」 제2조제8호라목에 따른 농공단지(도시지역외의 지역에 지정된 농공단지에 한한다) : 150퍼센트 이하","20260918","20260918","2026-09-21","「국토의 계획 및 이용에 관한 법률 시행령」 제85조제6항 (대통령령 제36587호, 2026. 9. 18. 시행), 국가법령정보센터, 2026-09-21 조회","https://www.law.go.kr/법령/%EA%B5%AD%ED%86%A0%EC%9D%98%20%EA%B3%84%ED%9A%8D%20%EB%B0%8F%20%EC%9D%B4%EC%9A%A9%EC%97%90%20%EA%B4%80%ED%95%9C%20%EB%B2%95%EB%A5%A0%20%EC%8B%9C%ED%96%89%EB%A0%B9"
"국토의 계획 및 이용에 관한 법률 시행령","009419","288857","대통령령","국토교통부","제85조","제7항","용도지역 안에서의 용적률","⑦법 제78조제4항의 규정에 의하여 준주거지역ㆍ중심상업지역ㆍ일반상업지역ㆍ근린상업지역ㆍ전용공업지역ㆍ일반공업지역 또는 준공업지역안의 건축물로서 다음 각호의 1에 해당하는 건축물에 대한 용적률은 경관ㆍ교통ㆍ방화 및 위생상 지장이 없다고 인정되는 경우에는 제1항 각호의 규정에 의한 해당 용적률의 120퍼센트 이하의 범위안에서 특별시ㆍ광역시ㆍ특별자치시ㆍ특별자치도ㆍ시 또는 군의 도시ㆍ군계획조례가 정하는 비율로 할 수 있다. <개정 2005.9.8, 2012.4.10, 2014.1.14> 1. 공원ㆍ광장(교통광장을 제외한다. 이하 이 조에서 같다)ㆍ하천 그 밖에 건축이 금지된 공지에 접한 도로를 전면도로로 하는 대지안의 건축물이나 공원ㆍ광장ㆍ하천 그 밖에 건축이 금지된 공지에 20미터 이상 접한 대지안의 건축물 2. 너비 25미터 이상인 도로에 20미터 이상 접한 대지안의 건축면적이 1천제곱미터 이상인 건축물","20260918","20260918","2026-09-21","「국토의 계획 및 이용에 관한 법률 시행령」 제85조제7항 (대통령령 제36587호, 2026. 9. 18. 시행), 국가법령정보센터, 2026-09-21 조회","https://www.law.go.kr/법령/%EA%B5%AD%ED%86%A0%EC%9D%98%20%EA%B3%84%ED%9A%8D%20%EB%B0%8F%20%EC%9D%B4%EC%9A%A9%EC%97%90%20%EA%B4%80%ED%95%9C%20%EB%B2%95%EB%A5%A0%20%EC%8B%9C%ED%96%89%EB%A0%B9"
"국토의 계획 및 이용에 관한 법률 시행령","009419","288857","대통령령","국토교통부","제85조","제8항","용도지역 안에서의 용적률","⑧법 제78조제4항의 규정에 의하여 다음 각호의 지역ㆍ지구 또는 구역안에서 건축물을 건축하고자 하는 자가 그 대지의 일부를 공공시설부지로 제공하는 경우에는 당해 건축물에 대한 용적률은 제1항 각호의 규정에 의한 해당 용적률의 200퍼센트 이하의 범위안에서 대지면적의 제공비율에 따라 특별시ㆍ광역시ㆍ특별자치시ㆍ특별자치도ㆍ시 또는 군의 도시ㆍ군계획조례가 정하는 비율로 할 수 있다. <개정 2003.6.30, 2005.1.15, 2005.9.8, 2012.4.10, 2014.1.14, 2018.2.9> 1. 상업지역 2. 삭제<2005.1.15> 3. 「도시 및 주거환경정비법」에 따른 재개발사업 및 재건축사업을 시행하기 위한 정비구역","20260918","20260918","2026-09-21","「국토의 계획 및 이용에 관한 법률 시행령」 제85조제8항 (대통령령 제36587호, 2026. 9. 18. 시행), 국가법령정보센터, 2026-09-21 조회","https://www.law.go.kr/법령/%EA%B5%AD%ED%86%A0%EC%9D%98%20%EA%B3%84%ED%9A%8D%20%EB%B0%8F%20%EC%9D%B4%EC%9A%A9%EC%97%90%20%EA%B4%80%ED%95%9C%20%EB%B2%95%EB%A5%A0%20%EC%8B%9C%ED%96%89%EB%A0%B9"
"국토의 계획 및 이용에 관한 법률 시행령","009419","288857","대통령령","국토교통부","제85조","제9항","용도지역 안에서의 용적률","⑨법 제78조제5항에서 ""창고 등 대통령령으로 정하는 용도의 건축물 또는 시설물""이란 창고를 말한다. <신설 2006.3.23, 2014.1.14>","20260918","20260918","2026-09-21","「국토의 계획 및 이용에 관한 법률 시행령」 제85조제9항 (대통령령 제36587호, 2026. 9. 18. 시행), 국가법령정보센터, 2026-09-21 조회","https://www.law.go.kr/법령/%EA%B5%AD%ED%86%A0%EC%9D%98%20%EA%B3%84%ED%9A%8D%20%EB%B0%8F%20%EC%9D%B4%EC%9A%A9%EC%97%90%20%EA%B4%80%ED%95%9C%20%EB%B2%95%EB%A5%A0%20%EC%8B%9C%ED%96%89%EB%A0%B9"
"국토의 계획 및 이용에 관한 법률 시행령","009419","288857","대통령령","국토교통부","제85조","제10항","용도지역 안에서의 용적률","⑩ 법 제78조제6항 전단에서 ""대통령령으로 정하는 시설""이란 다음 각 호의 시설을 말한다. <신설 2014.6.30> 1. 「영유아보육법」 제2조제3호에 따른 어린이집 2. 「노인복지법」 제36조제1항제1호에 따른 노인복지관 3. 그 밖에 특별시장ㆍ광역시장ㆍ특별자치시장ㆍ특별자치도지사ㆍ시장 또는 군수가 해당 지역의 사회복지시설 수요를 고려하여 도시ㆍ군계획조례로 정하는 사회복지시설","20260918","20260918","2026-09-21","「국토의 계획 및 이용에 관한 법률 시행령」 제85조제10항 (대통령령 제36587호, 2026. 9. 18. 시행), 국가법령정보센터, 2026-09-21 조회","https://www.law.go.kr/법령/%EA%B5%AD%ED%86%A0%EC%9D%98%20%EA%B3%84%ED%9A%8D%20%EB%B0%8F%20%EC%9D%B4%EC%9A%A9%EC%97%90%20%EA%B4%80%ED%95%9C%20%EB%B2%95%EB%A5%A0%20%EC%8B%9C%ED%96%89%EB%A0%B9"
"국토의 계획 및 이용에 관한 법률 시행령","009419","288857","대통령령","국토교통부","제85조","제11항","용도지역 안에서의 용적률","⑪ 제1항에도 불구하고 건축물을 건축하려는 자가 법 제78조제6항 전단에 따라 그 대지의 일부에 사회복지시설을 설치하여 기부하는 경우에는 기부하는 시설의 연면적의 2배 이하의 범위에서 도시ㆍ군계획조례로 정하는 바에 따라 추가 건축을 허용할 수 있다. 다만, 해당 용적률은 다음 각 호의 기준을 초과할 수 없다. <신설 2014.6.30> 1. 제1항에 따라 도시ㆍ군계획조례로 정하는 용적률의 120퍼센트 2. 제1항 각 호의 구분에 따른 용도지역별 용적률의 최대한도","20260918","20260918","2026-09-21","「국토의 계획 및 이용에 관한 법률 시행령」 제85조제11항 (대통령령 제36587호, 2026. 9. 18. 시행), 국가법령정보센터, 2026-09-21 조회","https://www.law.go.kr/법령/%EA%B5%AD%ED%86%A0%EC%9D%98%20%EA%B3%84%ED%9A%8D%20%EB%B0%8F%20%EC%9D%B4%EC%9A%A9%EC%97%90%20%EA%B4%80%ED%95%9C%20%EB%B2%95%EB%A5%A0%20%EC%8B%9C%ED%96%89%EB%A0%B9"
"국토의 계획 및 이용에 관한 법률 시행령","009419","288857","대통령령","국토교통부","제85조","제12항","용도지역 안에서의 용적률","⑫ 국가나 지방자치단체는 법 제78조제6항 전단에 따라 기부 받은 사회복지시설을 제10항 각 호에 따른 시설 외의 시설로 용도변경하거나 그 주요 용도에 해당하는 부분을 분양 또는 임대할 수 없으며, 해당 시설의 면적이나 규모를 확장하여 설치장소를 변경(지방자치단체에 기부한 경우에는 그 관할 구역 내에서의 설치장소 변경을 말한다)하는 경우를 제외하고는 국가나 지방자치단체 외의 자에게 그 시설의 소유권을 이전할 수 없다. <신설 2014.6.30>","20260918","20260918","2026-09-21","「국토의 계획 및 이용에 관한 법률 시행령」 제85조제12항 (대통령령 제36587호, 2026. 9. 18. 시행), 국가법령정보센터, 2026-09-21 조회","https://www.law.go.kr/법령/%EA%B5%AD%ED%86%A0%EC%9D%98%20%EA%B3%84%ED%9A%8D%20%EB%B0%8F%20%EC%9D%B4%EC%9A%A9%EC%97%90%20%EA%B4%80%ED%95%9C%20%EB%B2%95%EB%A5%A0%20%EC%8B%9C%ED%96%89%EB%A0%B9"
"서울특별시 도시계획 조례","2000719","2149501","조례","서울특별시","제44조","","용도지역 안에서의 건폐율","제44조(용도지역 안에서의 건폐율) 법 제77조 및 영 제84조제1항에 따라 용도지역별 건폐율은 다음 각 호의 비율 이하로 한다. 1. 제1종전용주거지역: 50퍼센트 2. 제2종전용주거지역: 40퍼센트 3. 제1종일반주거지역: 60퍼센트 4. 제2종일반주거지역: 60퍼센트 5. 제3종일반주거지역: 50퍼센트 6. 준주거지역: 60퍼센트 7. 중심상업지역: 60퍼센트 8. 일반상업지역: 60퍼센트 9. 근린상업지역: 60퍼센트 10. 유통상업지역: 60퍼센트 11. 전용공업지역: 60퍼센트 12. 일반공업지역: 60퍼센트 13. 준공업지역: 60퍼센트 14. 보전녹지지역: 20퍼센트 15. 생산녹지지역: 20퍼센트 16. 자연녹지지역: 20퍼센트","20260713","20260713","2026-09-21","「서울특별시 도시계획 조례」 제44조 (서울특별시조례 제10139호, 2026. 7. 13. 시행), 국가법령정보센터, 2026-09-21 조회","https://www.law.go.kr/자치법규/%EC%84%9C%EC%9A%B8%ED%8A%B9%EB%B3%84%EC%8B%9C%20%EB%8F%84%EC%8B%9C%EA%B3%84%ED%9A%8D%20%EC%A1%B0%EB%A1%80"
"서울특별시 도시계획 조례","2000719","2149501","조례","서울특별시","제48조","","용도지역 안에서의 용적률","제48조(용도지역 안에서의 용적률) 법 제78조제1항ㆍ제2항 및 영 제85조제1항에 따라 용도지역별 용적률은 다음 각 호의 비율 이하로 한다. 1. 제1종전용주거지역: 100퍼센트 2. 제2종전용주거지역: 120퍼센트 3. 제1종일반주거지역: 150퍼센트 4. 제2종일반주거지역: 200퍼센트 5. 제3종일반주거지역: 250퍼센트 6. 준주거지역: 400퍼센트 7. 중심상업지역: 1천퍼센트(단, 서울도심: 800퍼센트) 8. 일반상업지역: 800퍼센트(단, 서울도심: 600퍼센트) 9. 근린상업지역: 600퍼센트(단, 서울도심: 500퍼센트) 10. 유통상업지역: 600퍼센트(단, 서울도심: 500퍼센트) 11. 전용공업지역: 200퍼센트 12. 일반공업지역: 200퍼센트 13. 준공업지역: 400퍼센트 14. 보전녹지지역: 50퍼센트 15. 생산녹지지역: 50퍼센트 16. 자연녹지지역: 50퍼센트","20260713","20260713","2026-09-21","「서울특별시 도시계획 조례」 제48조 (서울특별시조례 제10139호, 2026. 7. 13. 시행), 국가법령정보센터, 2026-09-21 조회","https://www.law.go.kr/자치법규/%EC%84%9C%EC%9A%B8%ED%8A%B9%EB%B3%84%EC%8B%9C%20%EB%8F%84%EC%8B%9C%EA%B3%84%ED%9A%8D%20%EC%A1%B0%EB%A1%80"
"서울특별시 도시계획 조례 시행규칙","2000769","1976247","규칙","서울특별시","제19조","","서울도심의 범역 획정 등","제19조(서울도심의 범역 획정 등) 조례 제47조제2항제1호, 제48조제7호부터 제10호까지의 각각의 단서 및 조례 별표 16 제2호나목 내의 서울도심의 범역은 한양도성과 그 주변지역을 포함하는 지역으로서 별표 5에서 정한 구역으로 한다.","20241014","20241014","2026-09-21","「서울특별시 도시계획 조례 시행규칙」 제19조 (서울특별시규칙 제4669호, 2024. 10. 14. 시행), 국가법령정보센터, 2026-09-21 조회","https://www.law.go.kr/자치법규/%EC%84%9C%EC%9A%B8%ED%8A%B9%EB%B3%84%EC%8B%9C%20%EB%8F%84%EC%8B%9C%EA%B3%84%ED%9A%8D%20%EC%A1%B0%EB%A1%80%20%EC%8B%9C%ED%96%89%EA%B7%9C%EC%B9%99"
"서울특별시 도시계획 조례 시행규칙","2000769","1976247","규칙","서울특별시","별표 5","","서울도심 범역 확정 도면(제19조 관련)","(본문 텍스트 없음 — 첨부파일로만 제공) http://www.law.go.kr/flDownload.do?flSeq=144765307&flNm=%EC%84%9C%EC%9A%B8%EB%8F%84%EC%8B%AC+%EB%B2%94%EC%97%AD+%ED%99%95%EC%A0%95+%EB%8F%84%EB%A9%B4%28%EC%A0%9C19%EC%A1%B0+%EA%B4%80%EB%A0%A8%29","20241014","20241014","2026-09-21","「서울특별시 도시계획 조례 시행규칙」 별표 5 (서울특별시규칙 제4669호, 2024. 10. 14. 시행), 국가법령정보센터, 2026-09-21 조회","https://www.law.go.kr/자치법규/%EC%84%9C%EC%9A%B8%ED%8A%B9%EB%B3%84%EC%8B%9C%20%EB%8F%84%EC%8B%9C%EA%B3%84%ED%9A%8D%20%EC%A1%B0%EB%A1%80%20%EC%8B%9C%ED%96%89%EA%B7%9C%EC%B9%99"
